image_name,easyocr_output,paddleocr_output
Granola_bar.jpg,"Nutrition Facts] | conf=0.35
""setvings per contaln | conf=0.40
Scrvi ng 5i70 | conf=0.23
Tbzr (22g) | conf=0.42
Calories 110 | conf=0.62
Healennoladnlc | conf=0.00
T7 Grnn | conf=0.02
5OEL75u6"" | conf=0.00
Winnle @mq Onlz | conf=0.02
NvcePlim Dr9 pllaere | conf=0.01
0 -Acefiju Coin Satip | conf=0.05
Cornn Glrt | conf=0.02
Atonni | conf=0.02
Soy Lecun | conf=0.05
Favor | conf=0.21
Dry Wros | conf=0.18
ConiINSMLK Sol,Hay | conf=0.02
CONTAIMEGG | conf=0.27
PEANULALVOND Cashek | conf=0.08
WecadauuNut AnopecAR | conf=0.01
WGRED E""T5 | conf=0.12
Conhinae onnclnontc | conf=0.02
Fodo indrco | conf=0.08
An | conf=0.00
Thaa9 | conf=0.01","Nutrition Facts
6 servings p
container
Serving size
1 bar (22g)
Calories 110
Total Fat 5g
Saturated Fat 3g
Trans Fat 0g
15%
Cholesteral Ong
Total Carbohydrate 15g
Sodlum 95mg
Dietary Fiber 1g
4
Total Sugars 8g
Protein 10
includes 8g Added
16%
mt0
45
Coco
Dr
CONTAIN
CONT
MACADAMIA NUT. AND PECAN
CASHEW
MEAPO
Food Iingredients
PRODUCT OF CANIDA"
Honey_Nut_Cheerios.jpg,"WHOLE | conf=0.99
8 | conf=1.00
Nutrition Facts | conf=1.00
GRAIN | conf=1.00
Per 3/4 cup | conf=0.73
29 g) | conf=0.69
FIRST | conf=1.00
Amouni | conf=0.62
Cereal Plus 125 mL | conf=0.75
IMGREDIENT | conf=0.86
Only | conf=1.00
290 p.s. MiIk | conf=0.34
Calories | conf=0.99
110 | conf=1.00
170 | conf=1.00
90 Dally Value | conf=0.55
HoneyaNut | conf=0.59
Fat | conf=0.99
55g* | conf=0.24
6 % | conf=0.72
Saturated 0.3 g | conf=0.99
10 % | conf=0.97
Trans 0 g | conf=0.98
Cheerios | conf=1.00
Cholesterol 0 mg | conf=1.00
Sodlum 160 mg | conf=0.73
9 % | conf=0.99
Carbohydrate 23 g | conf=0.61
8 % | conf=1.00
10 % | conf=0.82
Ma dE | conf=0.44
WTTH | conf=0.30
Rel | conf=0.93
Flbre 2 9 | conf=0.50
8 % | conf=0.81
Sugars 9 9 | conf=0.87
Protein 3 g | conf=0.99
Vuamin A | conf=0.33
6 % | conf=1.00
Vitamin C | conf=0.76
0 % | conf=0.99
Calcium | conf=1.00
10 % | conf=0.99
25 % | conf=0.98
Iron | conf=0.93
30 % | conf=0.86
Vmamin D | conf=0.63
0 % | conf=0.67
30 % | conf=0.96
Niacin | conf=0.84
6 % | conf=0.99
15 % | conf=1.00
Vitamin B6 | conf=0.59
10 % | conf=0.56
15 % | conf=1.00
Oat FIDRE  | conf=0.40
Folate | conf=1.00
10 % | conf=0.66
helps LoweR | conf=0.28
Pantothenate | conf=0.76
10 % | conf=0.72
choleSTEROL | conf=0.20
Pnosphorus | conf=0.96
20 % | conf=0.95
Magnesium | conf=0.99
10 % | conf=0.98
15 % | conf=0.63
UlMSeu | conf=0.01
Zinc | conf=1.00
6 % | conf=1.00
10 % | conf=1.00
430 g & (REAL | conf=0.23
Wkih | conf=0.00
Amzuni In cerea | conf=0.61
Honey | conf=0.50","Nutrition Facts
Per 3/4 cup (29 g)
Amount
Cereal Plus 125 mL
Only
2% p.s. Milk
Calories
110
170
Honey Nut
% Daily Value
Fat 1.5 g
2%
6%
Saturated 0.3 g
Cheerios
2%
+ Trans 0 g
10%
Cholesterol 0 mg
Sodium 160 mg
7%
9%
Carbohydrate 23 g
8%
10 %
Real
Honey
IADE
WITH
Fibre 2g
8%
8%
Sugars 9 g
Protein 3 g
Vitamin A
0%
6%
Vitamin C
0%
0%
Calcium
10%
25 %
Iron
30 %
30 %
Vitamin D
0%
30 %
Niacin
6%
15%
Vitamin B6
10%
15%
Folate
8%
10%
OAT FIBRE
HELPS LOWER
Pantothenate
6%
10%
CHOLESTEROL
Phosphorus
8%
20%
Magnesium
10%
15%
Zinc
6%
10 %
VUON UOIN OHF INEYHIET OHCRSPOR
Amount in cereal"
Oatmeal.jpg,"Nutrition Facts]anooono ""Ewal | conf=0.02
Iron 1,212 | conf=0.12
servingper container | conf=0.87
'Ter0iteai | conf=0.00
(Serving size | conf=0.38
package (48g1 | conf=0.58
natrmo todt | conf=0.04
Rmou | conf=0.01
MgreL _ | conf=0.07
Thitets * | conf=0.00
Calories 180 | conf=0.69
SaLl, MATUAAL FLAR | conf=0.06
Daily | conf=0.55
Value | conf=0.45
MISTRIBUMED | conf=0.24
RTs0 | conf=0.17
390 |4HE | conf=0.20
comHany | conf=0.04
Total Fat 2 59 | conf=0.82
Saturaied Fa: 0.53 | conf=0.69
[Eceo ackera82 | conf=0.00
Trans Fat 0g | conf=0.48
Wertetehh | conf=0.12
Polunsaiuraled | conf=0.22
Fat 0.53 | conf=0.29
Draojonukasn | conf=0.00
Mloncunsalurated Fat | conf=0.90
Cholcsterol | conf=0.65
smortlcc:' | conf=0.34
Sodium 290m4 | conf=0.73
7388 | conf=0.17
Total Carb: 379 | conf=0.35
4392 | conf=0.58
Dielary Fpor 39 | conf=0.36
1180 | conf=0.38
Tolal Sudant | conf=0.16
T4g | conf=0.67
krtet  nnee | conf=0.03
MTAdded Sugurs  | conf=0.13
2788 | conf=0.78
Proicin | conf=0.63
Sae] | conf=0.00
624 | conf=0.15
0ma | conf=0.08","W%
NO
E
PRESERMIGINES
ARTIFICIAL
I
OR FLAIORS
Nutrition Facts
Vitamin D Omcg 0% • Calcium 20ng 
Iron 1.3mg
6% *Postasum 13ny23
1 serving per container
Serving size 1 package (48g)
The % Day ale V  yoh 
in a senving of focontibus
  
Amount per serv
180
Calories
INGREDIENTS: WHOLE GRAN OATS SI5R
SALT, NATURAL FLAVOR
(23-8
% Daily Value""
3%
DISTRIBUTED BY.
Total Fat 2.5g
THE QUAKER OATS COMPANY
3%
CHICAGO, IL 60604-90C3 U.S.A
P.O. BOX 049013
Saturated Fat 0.5g
Trans Fat Og
2020 The Quaker Oats Compan
Polyunsaturated Fat 0.5g
We're here to help
Quakereuts com or 80C 555.6287
Monounsaturated Fat 1g
Please have package asailable ster calig
Cholesterol Omg
0%
smartlabel""
P
Sodium 290mg
13%
13%
B
Total Carb. 37g
Dietary Fiber 3g
11%
Total Sugars 14g
-
Incl. 14g Added Sugars
27%
Scan here for nor fot i
CAUNES
Protein 4g
1-800-555-6287
ao
SR"
Soup_Can.jpg,"Nutrition Facts | conf=0.92
alam | conf=0.96
Serving Size 1/2 cup (130g) | conf=0.96
x M_eors; | conf=0.07
Servings Per Container about 4.5 | conf=0.95
atprchon to | conf=0.02
AMount | conf=0.38
Per Serving | conf=1.00
Iwaet ond | conf=0.30
Calories 130 | conf=0.85
Calores Irom Fat i0 | conf=0.56
B4 | conf=0.04
Ilusle; | conf=0.04
Daily Value- | conf=0.73
bred 0 | conf=0.24
Total Fat Ig | conf=0.90
Saturated Fat Og | conf=0.81
Irans Fat 0g | conf=0.42
WM CCHOIESI | conf=0.03
Cholesterol | conf=1.00
Sodium 480mg | conf=0.99
2070 | conf=0.73
Total Carbohydrate 259 | conf=0.62
Diatary Fiber 5g | conf=0.68
2070 | conf=0.64
Sugars | conf=1.00
Protein 6g | conf=0.88
0%a | conf=0.17
Vitamin C 0% | conf=0.66
Calciun 63 | conf=0.58
Iron 10%0 | conf=0.48
Percent Daily Vales are based on- | conf=0.33
2,000 | conf=0.89
Ca xrie die:. Yout | conf=0.16
'values may be higher  | conf=0.39
depending | conf=0.83
your calcrie ncccs: | conf=0.53
Calpries: | conf=0.50
2,000 | conf=0.70
Iola Far | conf=0.18
Less inan | conf=0.29
Sat Fal | conf=0.30
ttzn | conf=0.16
20g | conf=0.73
SRP | conf=0.03
Cholcslerol | conf=0.61
Les3 Inan | conf=0.59
30rng | conf=0.74
Loss Inan | conf=0.80
4oomg | conf=0.32
LMo | conf=0.23
Iojal Ca ohyd rate | conf=0.19
30g | conf=0.87
375q | conf=0.93
Cielary Fiber | conf=0.95
Satisfaction  guaranteed | conf=0.86
Ifyou have | conf=0.73
questions | conf=1.00
comments , | conf=0.71
please | conf=1.00
call | conf=1.00
~B00-?32-6736, | conf=0.42
lease have code and | conf=0.82
dale   iniormation Irom  container. Visit | conf=0.56
our website at: WWw campbells.com | conf=0.53
For great tasting recpes using | conf=0.84
Campbell""s? Pork | conf=0.30
Beans; | conf=0.92
visit our website at | conf=0.52
Gampoellkitchen | conf=0.50
com | conf=1.00
mcac td: KGhia? | conf=0.05
alamy | conf=1.00
WivwJlamy com | conf=0.13
Popu | conf=0.25
Omg | conf=0.95
Vwemn | conf=0.31
@al | conf=0.12
3009 | conf=0.61
Sdum | conf=0.60
49178 | conf=0.01","ala
a
Nutrition
Facts
unS
Serving
Size
1/2 cup
(130g)
100 years.
Servings Per
Container about 4.5
perfection to
EASY
Amount Per Serving
sweet and
Calories 130
Calories from Fat 10
OPEN
aode taste,
% Daily Value*
POPTOR
Total Fat 1g
2%
emained a
Saturated Fat Og
0%
BS
a
Trans Fat Og
OTRECCIONES
Cholesterol Omg
0%
RAUCLENTE, FRIA
Sodium 480mg
20%
EPGATURA
Total Carbohydrate 25g
8%
4
Dietary Fiber 5g
20%
COMA Ciete
incomiete
Sugars 7g
NOOONDAS
Protein 6g
innes de move das
i lienpe sgerds
Vitamin A 0%
Vitamin C 0%
1ainat
Calcium 6%
.
Iron 10%
sh sntath
isante
Percent Daily Values are based on a 2,000
9om112
calorie diet. Your daily values may be higher or
lower depending on your calorie needs:
( mts Siscitaio
rise tonds fircte
Calories:
2,000
2,500
inisgyaee
Total Fat
Less than
65g
80g
Sat Fat
Less than
20g
25g
NOTHE CORN SYRUP
Cholesterol
Less than
300mg
300mg
CHSAL TIOMA PURE
Sodium
Less than
2,400mg
2,400mg
NIERKAETRACT,
Total Carbohydrate
300g
375g
Dietary Fiber
25g
RLINGA ETRACT.
30g
Satisfaction guaranteed. If you have
HLABOM
questions or comments, please cal
1-800-232-6736. Please have code and
date information from container. Visit
our website at: www.campbells.com
For great tasting recipes using
Campbell's Pork & Beans,
visit our website at
Campbellikitchen.com
WYERE HAOUITES
KIALABLE"
Whole_milk.jpg,"WHOLE | conf=0.93
MILK | conf=1.00
VITAMIN D | conf=0.96
Nutrition Facts | WGRED Ors: MK | conf=0.20
MIIAMIN 0y | conf=0.45
servings per ccnta 7er | conf=0.28
CO""TAN5 WiLK | conf=0.05
SerineSize | conf=0.19
cupi2Lmll | conf=0.04
AMoun pe7526im | conf=0.01
Calories | conf=1.00
150| | conf=0.27
Teouutalue | conf=0.00
Total Fat eg | conf=0.60
10** SELL B/ DAIEAND | conf=0.08
Salucaled Fal 59 | conf=0.20
pui $ STanped ON | conf=0.03
Tians F2 C9 | conf=0.17
PACKAGE | conf=0.57
chalesteral 35m0 | conf=0.29
127 | conf=0.37
Souium | conf=0.43
Totel Carbchydrale 129 | conf=0.26
Dletary FberCy | conf=0.10
hansl  ondein | conf=0.01
Proteln 8g | conf=0.77
MIno2>eti6"" LEuit8 | conf=0.00
MoD | conf=0.12
Aresun 01e: | conf=0.02
Bu | conf=0.10
nerat | conf=0.01
73ng | conf=0.10
Suatta | conf=0.02","WHOLE
MILK
VITAMIN D
Nutrition Facts
INGREDIENTS: MILK.
8 servings per
VITAMIN D3
container
Serving size
CONTAINS MILK.
1cup (240mL)
Amaunt per serving
Calories
150
Total Fat 8g
% Daify Value""
10%
Saturated Fat 5g
SELL BY DATE AND
25%
PLANT  STAMPED ON
Trans Fat Og
PACKAGE
Cholesterol 35mg
12%
Sodium 125mg
5%
Total Carbohydrate 12g
4%
Dietary Fiber Og
0%
Total Sugars 12g
Includes Og Added Sugars
0%
Protein8g
16%
Vitarin D25ncg
10%-Calcun 300ng 25%
IronOmgOP=
Potessium 400ng 8%
4zenvirg ofocamtutoa dly de 2000
TcaUTta"
cereal_box.jpg,"Nutrition Facts | conf=0.99
Serving Size _ | conf=0.77
51g) | conf=0.73
Servings Per Container Aboul 9 | conf=0.65
Curalek | conf=0.45
Atenunt Per Sening | conf=0.19
04i8a | conf=0.20
Calories | conf=0.96
240 | conf=0.72
280 | conf=1.00
Calorics ircm Fa: | conf=0.53
Dally Valve _ | conf=0.49
Total Fat 8g  | conf=0.73
12% | conf=0.45
Salurated Fat 2.59 13% . | conf=0.21
1396 | conf=0.34
Irans Fat 0g | conf=0.29
Cholesterol Omg | conf=0.99
093 | conf=0.32
Sodium | conf=0.76
Total | conf=0.80
Carbohydrate 37g 129u | conf=0.46
1400 | conf=0.34
Dietary Fiber 2g | conf=0.76
1254. | conf=0.10
12%6 | conf=0.52
Sugars 139 | conf=0.92
Protein 41 | conf=0.76
1646 | conf=0.55
Vitamin . | conf=0.32
Mitamin | conf=0.43
Calcium | conf=1.00
15% | conf=0.95
2473 cup  | conf=0.27
50m1g | conf=0.28","Nutrition
Facts
Serving Size 2/3 cup (51g)
Servings Per Container About 9
Cereal with
Amount Per Serving
1/2 cup
Cereal
Skim Mik
Calories
240
280
Calories from Fat
70
70
% Dally
Value**
Total Fat 8g*
12%
12%
Saturated Fat 2.5g 13%
13%
Trans Fat Og
Cholesterol Omg
0%
0%
Sodium 50mg
2%
5%
Total
Carbohydrate
37g
12%
14%
Dietary Fiber 3g
12%
12%
Sugars 13g
Protein 4g
8%
16%
Vitamin A
0%
4%
Vitamin C
0%
0%
Calcium
2%
15%
Iron
6%
6%"
chocolate_bar.jpg,"a | conf=0.75
Nutrition Fuuts | conf=0.32
2 | conf=1.00
servings per bar | conf=0.85
om | conf=0.81
Serving size | conf=0.99
1/2 bar (42.5g) | conf=0.57
4 | conf=0.96
Amount per serving | conf=0.93
S | conf=0.92
Calories | conf=0.77
238 | conf=1.00
a | conf=1.00
W | conf=0.94
% Dally Valuet | conf=0.90
nd | conf=1.00
Total Fat | conf=0.98
3396 | conf=0.50
Saturated Fat 120 | conf=0.71
6084 | conf=0.31
BV | conf=0.40
4 | conf=0.12
Trans Fat Og | conf=0.81
rest. | conf=0.92
Cholesterol Omg | conf=0.97
0% | conf=0.91
Soditmm | conf=0.51
0% | conf=0.98
Tn | conf=0.09
Total Jatt' phydrate 10g | conf=0.21
3% | conf=0.67
le | conf=1.00
Dietary Fiber 4g | conf=0.79
16% | conf=0.47
Total Sugars Og | conf=0.92
well, | conf=0.98
4 | conf=0.10
Includes 0g Adied Sugars_ | conf=0.72
What | conf=1.00
Protein 5g | conf=0.95
a | conf=0.98
Vitamin D | conf=0.63
0%] | conf=0.39
Calcium | conf=1.00
4% | conf=1.00
Iron | conf=0.94
18% | conf=0.99
Potassium | conf=1.00
14% | conf=0.99
4 | conf=0.23
The % Daily Value (DV) tells you how much a nutrient in | conf=0.78
serving of food contributes t0 a daily diet: 2,000 calories | conf=0.66
is used for general nutrition advice_ | conf=0.85
rshij | conf=0.65
Ingredients: | conf=0.90
Cocoa beanacocoa | conf=0.98
butter | conf=0.59
Made in a facility free of wheat. | conf=0.85
nii | conf=0.51
peanuts & eggs. | conf=0.90
al | conf=0.90
Image ID: 3DEFBZD | conf=0.92
alamy | conf=0.99
WWW.alamycom | conf=0.60
229 | conf=0.94
Qmg | conf=0.58
asa | conf=1.00
Anm | conf=0.48
day | conf=1.00","Nutrition
Fancts
a
2
servings
per
bar
Serving
size
1/2
bar
(42.5g)
a
Amount
per
serving
238
Calories
P
% Daily
Value
22g
33%
Total
Fat
Fat
12g
60%
Saturated
Trans
Fat
og
Omg
0%
Cholesterol
0%
Sodiu
rm
Omg
CB
3%
Total
ars
ohydrate
10g
16%
Dietary
Fiber
26
Tot
Sears
60
2
ihpies
0g
Added
Sugars
Protein
5g
alamy
%0
iimnn
G
%f
crcn
%81
Iron
14%
Potassium
a
Daily
Value
(DV)
 tells you how much a nutrient in
The
%
food
contributes
to
a
daily
diet. 2,000 calories
a
serving of
day is
s used for general nutrition advice.
a
shipa
Ingrelients: Cocoa beans? cocoa
butter.
Made in a facility free of wheat.
peanuts & eggs.a
mage ID3DEFB7D"
crackers.jpg,"Nutrition Facts | conf=1.00
About 12 servings per container | conf=0.77
Serving size | conf=0.83
27 Crackers (30g) | conf=0.33
Amount per serving | conf=1.00
Calories | conf=1.00
150 | conf=1.00
8 Dally Value | conf=0.77
Total Fat 89 | conf=0.61
10% | conf=0.49
Saturaled Fat 2g | conf=0.79
1090 | conf=0.73
Trans Fat Og | conf=0.73
Polyunsaturated Fat 4g | conf=0.93
Monounsalurated Fat 2g | conf=0.55
Cholesterol | conf=1.00
Sodium 230mng | conf=0.79
1092 | conf=0.39
Total Carbohydrate 179 | conf=0.65
Dietary Fiber <19 | conf=0.70
Total | conf=0.72
Sugars Og | conf=0.82
Includes Og Added Sugars | conf=0.89
Protein 3g | conf=0.75
Vitamin D | conf=0.98
Calcium 40mg 2%0 | conf=0.49
Iron 1,mg 680 | conf=0.60
Potassium 30mg 0% | conf=0.72
T""D | conf=0.36
uite amdiiut : | conf=0.00
910/j | conf=0.10
Jojncacneiadi 8 S1bc"" | conf=0.00
Ingredients: Enriched Ilour (wheat ilour niacin; | conf=0.63
reduced IFOM, vitamin | conf=0.35
[thiamin mononirate | conf=0.86
vitamin Bz [riboflavin], folic acid) vegetable oil | conf=0.75
(soybean and palm oil with TBHQ Ior | conf=0.20
freshness) | conf=0.63
cheese made with skim milk (Skim | conf=0.65
0mg | conf=0.46
Omcg | conf=0.93","Nutrition
Facts
About 12 servings per container
Serving size
27 Crackers (30g)
Amount per serving
150
Calories
% Daily Value*
Total Fat 8g
10%
Saturated Fat 2g
10%
Trans Fat Og
Polyunsaturated Fat 4g
Monounsaturated Fat 2g
Cholesterol Omg
0%
Sodium 230mg
10%
Total Carbohydrate 17g
6%
Dietary Fiber <1g
2%
Total Sugars 0g
Includes Og Added Sugars
0%
Protein 3g
Vitamin D 0mcg 0% .
Calcium 40mg 2%
Iron 1.1mg 6%
Potassium 30mg 0%
The  VVych n  
contbus to a y 20 als a y  ssedfr gennuon e
Ingredients: Enriched flour (wheat flour, niacin,
reduced iron, vitamin B (thiamin mononitrate],
vitamin B [riboflavin], folic acid), vegetable oil
(soybean and palm oil with TBHQ for"
